date      , teamName      , gamesPlayed, wins, losses, ties, goalFor, goalAgainst, l10Wins, l10Ties, l10Losses
2024-03-01, Panthers      ,          60,   40,     16,    0,     198,         145,       9,       0,         1
2024-03-01, Bruins        ,          61,   35,     12,    0,     207,         169,       3,       0,         2
2024-03-01, Rangers       ,          60,   40,     17,    0,     201,         164,       9,       0,         1
2024-03-01, Canucks       ,          62,   38,     17,    0,     222,         175,       4,       0,         5
2024-03-01, Stars         ,          62,   36,     17,    0,     222,         188,       4,       0,         3
2024-03-01, Jets          ,          58,   37,     16,    0,     177,         139,       7,       0,         3
2024-03-01, Avalanche     ,          61,   37,     19,    0,     226,         189,       5,       0,         4
2024-03-01, Hurricanes    ,          60,   36,     18,    0,     198,         167,       7,       0,         2
2024-03-01, Maple Leafs   ,          59,   34,     17,    0,     220,         187,       8,       0,         2
2024-03-01, Golden Knights,          60,   33,     20,    0,     196,         172,       4,       0,         5
2024-03-01, Oilers        ,          57,   35,     20,    0,     204,         170,       5,       0,         4
2024-03-01, Red Wings     ,          60,   33,     21,    0,     216,         191,       7,       0,         3
2024-03-01, Kings         ,          59,   30,     19,    0,     183,         161,       6,       0,         4
2024-03-01, Predators     ,          61,   34,     25,    0,     194,         189,       8,       0,         2
2024-03-01, Lightning     ,          62,   32,     24,    0,     210,         210,       5,       0,         4
2024-03-01, Flyers        ,          61,   31,     23,    0,     185,         182,       5,       0,         4
2024-03-01, Capitals      ,          59,   28,     22,    0,     158,         188,       6,       0,         2
2024-03-01, Islanders     ,          59,   25,     20,    0,     175,         200,       5,       0,         3
2024-03-01, Devils        ,          60,   30,     26,    0,     201,         209,       5,       0,         5
2024-03-01, Flames        ,          59,   29,     25,    0,     185,         184,       7,       0,         3
2024-03-01, Blues         ,          59,   30,     26,    0,     171,         185,       4,       0,         5
2024-03-01, Kraken        ,          59,   26,     22,    0,     165,         169,       5,       0,         4
2024-03-01, Penguins      ,          57,   27,     22,    0,     170,         156,       4,       0,         5
2024-03-01, Wild          ,          60,   28,     26,    0,     189,         202,       6,       0,         3
2024-03-01, Sabres        ,          60,   28,     28,    0,     174,         180,       6,       0,         4
2024-03-01, Canadiens     ,          60,   23,     28,    0,     170,         215,       2,       0,         7
2024-03-01, Senators      ,          58,   25,     30,    0,     193,         208,       4,       0,         5
2024-03-01, Coyotes       ,          60,   24,     31,    0,     175,         199,       1,       0,         8
2024-03-01, Blue Jackets  ,          59,   19,     30,    0,     173,         218,       4,       0,         6
2024-03-01, Ducks         ,          60,   22,     35,    0,     161,         214,       4,       0,         5
2024-03-01, Sharks        ,          58,   15,     38,    0,     124,         228,       2,       0,         7
2024-03-01, Blackhawks    ,          60,   15,     40,    0,     123,         213,       1,       0,         6
2024-03-02, Panthers      ,          61,   41,     16,    0,     202,         145,       9,       0,         1
2024-03-02, Rangers       ,          61,   40,     17,    0,     204,         168,       8,       0,         1
2024-03-02, Bruins        ,          62,   35,     13,    0,     208,         174,       3,       0,         2
2024-03-02, Canucks       ,          62,   38,     17,    0,     222,         175,       4,       0,         5
2024-03-02, Stars         ,          63,   37,     17,    0,     225,         190,       4,       0,         3
2024-03-02, Jets          ,          59,   38,     16,    0,     182,         142,       8,       0,         2
2024-03-02, Avalanche     ,          62,   37,     20,    0,     227,         194,       5,       0,         4
2024-03-02, Maple Leafs   ,          60,   35,     17,    0,     224,         190,       9,       0,         1
2024-03-02, Hurricanes    ,          61,   36,     19,    0,     201,         172,       6,       0,         3
2024-03-02, Oilers        ,          58,   36,     20,    0,     206,         171,       6,       0,         3
2024-03-02, Golden Knights,          61,   33,     21,    0,     198,         179,       3,       0,         6
2024-03-02, Red Wings     ,          61,   33,     22,    0,     216,         195,       6,       0,         4
2024-03-02, Predators     ,          62,   35,     25,    0,     199,         190,       8,       0,         2
2024-03-02, Lightning     ,          63,   33,     24,    0,     214,         213,       5,       0,         4
2024-03-02, Flyers        ,          62,   32,     23,    0,     189,         184,       5,       0,         4
2024-03-02, Kings         ,          59,   30,     19,    0,     183,         161,       6,       0,         4
2024-03-02, Islanders     ,          60,   26,     20,    0,     180,         201,       5,       0,         3
2024-03-02, Capitals      ,          59,   28,     22,    0,     158,         188,       6,       0,         2
2024-03-02, Flames        ,          60,   30,     25,    0,     189,         187,       7,       0,         3
2024-03-02, Blues         ,          60,   31,     26,    0,     174,         186,       4,       0,         5
2024-03-02, Devils        ,          60,   30,     26,    0,     201,         209,       5,       0,         5
2024-03-02, Kraken        ,          60,   26,     23,    0,     166,         171,       5,       0,         4
2024-03-02, Penguins      ,          58,   27,     23,    0,     173,         160,       4,       0,         5
2024-03-02, Sabres        ,          61,   29,     28,    0,     181,         182,       7,       0,         3
2024-03-02, Wild          ,          61,   28,     27,    0,     190,         205,       5,       0,         4
2024-03-02, Canadiens     ,          61,   23,     28,    0,     173,         219,       2,       0,         6
2024-03-02, Senators      ,          59,   25,     31,    0,     195,         212,       3,       0,         6
2024-03-02, Coyotes       ,          60,   24,     31,    0,     175,         199,       1,       0,         8
2024-03-02, Blue Jackets  ,          60,   20,     30,    0,     178,         220,       4,       0,         6
2024-03-02, Ducks         ,          60,   22,     35,    0,     161,         214,       4,       0,         5
2024-03-02, Sharks        ,          59,   15,     38,    0,     126,         231,       2,       0,         6
2024-03-02, Blackhawks    ,          61,   15,     41,    0,     125,         218,       1,       0,         6
2024-03-03, Panthers      ,          61,   41,     16,    0,     202,         145,       9,       0,         1
2024-03-03, Canucks       ,          63,   39,     17,    0,     224,         176,       4,       0,         5
2024-03-03, Rangers       ,          61,   40,     17,    0,     204,         168,       8,       0,         1
2024-03-03, Bruins        ,          62,   35,     13,    0,     208,         174,       3,       0,         2
2024-03-03, Jets          ,          60,   39,     16,    0,     187,         144,       8,       0,         2
2024-03-03, Stars         ,          63,   37,     17,    0,     225,         190,       4,       0,         3
2024-03-03, Avalanche     ,          62,   37,     20,    0,     227,         194,       5,       0,         4
2024-03-03, Maple Leafs   ,          60,   35,     17,    0,     224,         190,       9,       0,         1
2024-03-03, Hurricanes    ,          61,   36,     19,    0,     201,         172,       6,       0,         3
2024-03-03, Oilers        ,          59,   37,     20,    0,     212,         172,       6,       0,         3
2024-03-03, Golden Knights,          61,   33,     21,    0,     198,         179,       3,       0,         6
2024-03-03, Kings         ,          60,   31,     19,    0,     188,         162,       7,       0,         3
2024-03-03, Red Wings     ,          61,   33,     22,    0,     216,         195,       6,       0,         4
2024-03-03, Predators     ,          62,   35,     25,    0,     199,         190,       8,       0,         2
2024-03-03, Lightning     ,          63,   33,     24,    0,     214,         213,       5,       0,         4
2024-03-03, Flyers        ,          62,   32,     23,    0,     189,         184,       5,       0,         4
2024-03-03, Islanders     ,          60,   26,     20,    0,     180,         201,       5,       0,         3
2024-03-03, Flames        ,          60,   30,     25,    0,     189,         187,       7,       0,         3
2024-03-03, Blues         ,          60,   31,     26,    0,     174,         186,       4,       0,         5
2024-03-03, Capitals      ,          60,   28,     23,    0,     160,         193,       5,       0,         3
2024-03-03, Devils        ,          61,   30,     27,    0,     202,         214,       4,       0,         6
2024-03-03, Wild          ,          62,   29,     27,    0,     194,         208,       5,       0,         4
2024-03-03, Kraken        ,          60,   26,     23,    0,     166,         171,       5,       0,         4
2024-03-03, Penguins      ,          59,   27,     24,    0,     174,         166,       4,       0,         5
2024-03-03, Sabres        ,          62,   29,     29,    0,     183,         187,       6,       0,         4
2024-03-03, Canadiens     ,          61,   23,     28,    0,     173,         219,       2,       0,         6
2024-03-03, Coyotes       ,          61,   25,     31,    0,     180,         201,       2,       0,         7
2024-03-03, Senators      ,          59,   25,     31,    0,     195,         212,       3,       0,         6
2024-03-03, Blue Jackets  ,          60,   20,     30,    0,     178,         220,       4,       0,         6
2024-03-03, Ducks         ,          61,   22,     36,    0,     162,         216,       4,       0,         5
2024-03-03, Sharks        ,          60,   15,     39,    0,     129,         235,       1,       0,         7
2024-03-03, Blackhawks    ,          61,   15,     41,    0,     125,         218,       1,       0,         6
2024-03-04, Panthers      ,          62,   42,     16,    0,     206,         147,       9,       0,         1
2024-03-04, Bruins        ,          63,   36,     13,    0,     212,         175,       4,       0,         2
2024-03-04, Canucks       ,          63,   39,     17,    0,     224,         176,       4,       0,         5
2024-03-04, Rangers       ,          62,   40,     18,    0,     206,         172,       7,       0,         2
2024-03-04, Jets          ,          60,   39,     16,    0,     187,         144,       8,       0,         2
2024-03-04, Stars         ,          63,   37,     17,    0,     225,         190,       4,       0,         3
2024-03-04, Avalanche     ,          63,   38,     20,    0,     232,         194,       6,       0,         3
2024-03-04, Hurricanes    ,          61,   36,     19,    0,     201,         172,       6,       0,         3
2024-03-04, Maple Leafs   ,          61,   35,     18,    0,     225,         194,       8,       0,         2
2024-03-04, Oilers        ,          59,   37,     20,    0,     212,         172,       6,       0,         3
2024-03-04, Golden Knights,          62,   33,     22,    0,     201,         185,       2,       0,         7
2024-03-04, Kings         ,          60,   31,     19,    0,     188,         162,       7,       0,         3
2024-03-04, Red Wings     ,          61,   33,     22,    0,     216,         195,       6,       0,         4
2024-03-04, Predators     ,          62,   35,     25,    0,     199,         190,       8,       0,         2
2024-03-04, Lightning     ,          63,   33,     24,    0,     214,         213,       5,       0,         4
2024-03-04, Flyers        ,          63,   32,     23,    0,     190,         186,       4,       0,         4
2024-03-04, Blues         ,          61,   32,     26,    0,     176,         187,       4,       0,         5
2024-03-04, Islanders     ,          60,   26,     20,    0,     180,         201,       5,       0,         3
2024-03-04, Capitals      ,          60,   28,     23,    0,     160,         193,       5,       0,         3
2024-03-04, Flames        ,          61,   30,     26,    0,     191,         191,       6,       0,         4
2024-03-04, Kraken        ,          61,   27,     23,    0,     170,         173,       6,       0,         3
2024-03-04, Devils        ,          61,   30,     27,    0,     202,         214,       4,       0,         6
2024-03-04, Wild          ,          62,   29,     27,    0,     194,         208,       5,       0,         4
2024-03-04, Penguins      ,          59,   27,     24,    0,     174,         166,       4,       0,         5
2024-03-04, Sabres        ,          62,   29,     29,    0,     183,         187,       6,       0,         4
2024-03-04, Canadiens     ,          61,   23,     28,    0,     173,         219,       2,       0,         6
2024-03-04, Coyotes       ,          61,   25,     31,    0,     180,         201,       2,       0,         7
2024-03-04, Senators      ,          59,   25,     31,    0,     195,         212,       3,       0,         6
2024-03-04, Blue Jackets  ,          61,   21,     30,    0,     184,         223,       5,       0,         5
2024-03-04, Ducks         ,          61,   22,     36,    0,     162,         216,       4,       0,         5
2024-03-04, Sharks        ,          60,   15,     39,    0,     129,         235,       1,       0,         7
2024-03-04, Blackhawks    ,          62,   15,     42,    0,     125,         223,       1,       0,         7
2024-03-05, Panthers      ,          63,   43,     16,    0,     211,         150,       9,       0,         1
2024-03-05, Canucks       ,          64,   40,     17,    0,     226,         177,       4,       0,         5
2024-03-05, Bruins        ,          64,   36,     13,    0,     213,         177,       4,       0,         1
2024-03-05, Stars         ,          64,   38,     17,    0,     232,         196,       4,       0,         3
2024-03-05, Rangers       ,          62,   40,     18,    0,     206,         172,       7,       0,         2
2024-03-05, Jets          ,          61,   39,     17,    0,     190,         148,       7,       0,         3
2024-03-05, Avalanche     ,          63,   38,     20,    0,     232,         194,       6,       0,         3
2024-03-05, Oilers        ,          60,   38,     20,    0,     214,         173,       7,       0,         2
2024-03-05, Hurricanes    ,          61,   36,     19,    0,     201,         172,       6,       0,         3
2024-03-05, Maple Leafs   ,          61,   35,     18,    0,     225,         194,       8,       0,         2
2024-03-05, Kings         ,          61,   31,     19,    0,     189,         164,       6,       0,         3
2024-03-05, Golden Knights,          62,   33,     22,    0,     201,         185,       2,       0,         7
2024-03-05, Predators     ,          63,   35,     25,    0,     202,         194,       8,       0,         1
2024-03-05, Red Wings     ,          61,   33,     22,    0,     216,         195,       6,       0,         4
2024-03-05, Lightning     ,          63,   33,     24,    0,     214,         213,       5,       0,         4
2024-03-05, Flyers        ,          63,   32,     23,    0,     190,         186,       4,       0,         4
2024-03-05, Islanders     ,          61,   27,     20,    0,     184,         203,       5,       0,         3
2024-03-05, Blues         ,          62,   32,     27,    0,     178,         191,       4,       0,         5
2024-03-05, Kraken        ,          62,   28,     23,    0,     174,         176,       7,       0,         2
2024-03-05, Capitals      ,          60,   28,     23,    0,     160,         193,       5,       0,         3
2024-03-05, Flames        ,          61,   30,     26,    0,     191,         191,       6,       0,         4
2024-03-05, Penguins      ,          60,   28,     24,    0,     179,         169,       5,       0,         4
2024-03-05, Devils        ,          62,   30,     28,    0,     205,         219,       3,       0,         7
2024-03-05, Wild          ,          62,   29,     27,    0,     194,         208,       5,       0,         4
2024-03-05, Sabres        ,          62,   29,     29,    0,     183,         187,       6,       0,         4
2024-03-05, Canadiens     ,          62,   24,     28,    0,     177,         222,       3,       0,         5
2024-03-05, Coyotes       ,          62,   25,     32,    0,     182,         206,       2,       0,         7
2024-03-05, Senators      ,          59,   25,     31,    0,     195,         212,       3,       0,         6
2024-03-05, Blue Jackets  ,          62,   21,     31,    0,     187,         228,       5,       0,         5
2024-03-05, Ducks         ,          61,   22,     36,    0,     162,         216,       4,       0,         5
2024-03-05, Sharks        ,          61,   15,     39,    0,     135,         242,       1,       0,         7
2024-03-05, Blackhawks    ,          63,   16,     42,    0,     130,         225,       2,       0,         6
2024-03-06, Panthers      ,          63,   43,     16,    0,     211,         150,       9,       0,         1
2024-03-06, Canucks       ,          64,   40,     17,    0,     226,         177,       4,       0,         5
2024-03-06, Bruins        ,          64,   36,     13,    0,     213,         177,       4,       0,         1
2024-03-06, Stars         ,          64,   38,     17,    0,     232,         196,       4,       0,         3
2024-03-06, Rangers       ,          62,   40,     18,    0,     206,         172,       7,       0,         2
2024-03-06, Jets          ,          61,   39,     17,    0,     190,         148,       7,       0,         3
2024-03-06, Avalanche     ,          64,   39,     20,    0,     239,         196,       6,       0,         3
2024-03-06, Maple Leafs   ,          62,   36,     18,    0,     227,         195,       8,       0,         2
2024-03-06, Oilers        ,          60,   38,     20,    0,     214,         173,       7,       0,         2
2024-03-06, Hurricanes    ,          61,   36,     19,    0,     201,         172,       6,       0,         3
2024-03-06, Kings         ,          61,   31,     19,    0,     189,         164,       6,       0,         3
2024-03-06, Golden Knights,          62,   33,     22,    0,     201,         185,       2,       0,         7
2024-03-06, Predators     ,          63,   35,     25,    0,     202,         194,       8,       0,         1
2024-03-06, Red Wings     ,          62,   33,     23,    0,     218,         202,       6,       0,         4
2024-03-06, Lightning     ,          63,   33,     24,    0,     214,         213,       5,       0,         4
2024-03-06, Flyers        ,          63,   32,     23,    0,     190,         186,       4,       0,         4
2024-03-06, Islanders     ,          61,   27,     20,    0,     184,         203,       5,       0,         3
2024-03-06, Blues         ,          62,   32,     27,    0,     178,         191,       4,       0,         5
2024-03-06, Kraken        ,          62,   28,     23,    0,     174,         176,       7,       0,         2
2024-03-06, Capitals      ,          60,   28,     23,    0,     160,         193,       5,       0,         3
2024-03-06, Flames        ,          61,   30,     26,    0,     191,         191,       6,       0,         4
2024-03-06, Penguins      ,          60,   28,     24,    0,     179,         169,       5,       0,         4
2024-03-06, Devils        ,          62,   30,     28,    0,     205,         219,       3,       0,         7
2024-03-06, Wild          ,          62,   29,     27,    0,     194,         208,       5,       0,         4
2024-03-06, Sabres        ,          63,   29,     29,    0,     184,         189,       6,       0,         3
2024-03-06, Canadiens     ,          62,   24,     28,    0,     177,         222,       3,       0,         5
2024-03-06, Coyotes       ,          62,   25,     32,    0,     182,         206,       2,       0,         7
2024-03-06, Senators      ,          60,   25,     32,    0,     196,         214,       3,       0,         6
2024-03-06, Blue Jackets  ,          62,   21,     31,    0,     187,         228,       5,       0,         5
2024-03-06, Ducks         ,          62,   23,     36,    0,     164,         217,       5,       0,         4
2024-03-06, Sharks        ,          61,   15,     39,    0,     135,         242,       1,       0,         7
2024-03-06, Blackhawks    ,          63,   16,     42,    0,     130,         225,       2,       0,         6
2024-03-07, Panthers      ,          64,   43,     17,    0,     212,         152,       8,       0,         2
2024-03-07, Canucks       ,          65,   41,     17,    0,     229,         178,       4,       0,         5
2024-03-07, Bruins        ,          65,   37,     13,    0,     217,         178,       5,       0,         1
2024-03-07, Stars         ,          64,   38,     17,    0,     232,         196,       4,       0,         3
2024-03-07, Rangers       ,          62,   40,     18,    0,     206,         172,       7,       0,         2
2024-03-07, Jets          ,          61,   39,     17,    0,     190,         148,       7,       0,         3
2024-03-07, Avalanche     ,          64,   39,     20,    0,     239,         196,       6,       0,         3
2024-03-07, Hurricanes    ,          62,   37,     19,    0,     205,         173,       7,       0,         2
2024-03-07, Maple Leafs   ,          63,   36,     19,    0,     228,         199,       7,       0,         3
2024-03-07, Oilers        ,          61,   38,     21,    0,     216,         177,       6,       0,         3
2024-03-07, Kings         ,          62,   32,     19,    0,     193,         167,       6,       0,         3
2024-03-07, Predators     ,          64,   36,     25,    0,     206,         196,       9,       0,         0
2024-03-07, Flyers        ,          64,   33,     23,    0,     192,         187,       4,       0,         4
2024-03-07, Golden Knights,          63,   33,     23,    0,     202,         188,       2,       0,         7
2024-03-07, Red Wings     ,          62,   33,     23,    0,     218,         202,       6,       0,         4
2024-03-07, Lightning     ,          64,   33,     25,    0,     217,         219,       4,       0,         5
2024-03-07, Islanders     ,          62,   28,     20,    0,     191,         205,       6,       0,         2
2024-03-07, Capitals      ,          61,   29,     23,    0,     166,         193,       6,       0,         3
2024-03-07, Flames        ,          62,   31,     26,    0,     197,         194,       6,       0,         4
2024-03-07, Kraken        ,          62,   28,     23,    0,     174,         176,       7,       0,         2
2024-03-07, Blues         ,          63,   32,     28,    0,     179,         195,       3,       0,         6
2024-03-07, Devils        ,          63,   31,     28,    0,     209,         220,       4,       0,         6
2024-03-07, Wild          ,          63,   30,     27,    0,     199,         210,       5,       0,         4
2024-03-07, Penguins      ,          61,   28,     25,    0,     179,         175,       4,       0,         5
2024-03-07, Sabres        ,          64,   29,     30,    0,     186,         193,       5,       0,         4
2024-03-07, Canadiens     ,          63,   24,     29,    0,     178,         226,       2,       0,         6
2024-03-07, Coyotes       ,          63,   25,     33,    0,     184,         211,       2,       0,         7
2024-03-07, Senators      ,          61,   25,     32,    0,     199,         218,       3,       0,         5
2024-03-07, Blue Jackets  ,          63,   22,     31,    0,     191,         230,       5,       0,         5
2024-03-07, Ducks         ,          62,   23,     36,    0,     164,         217,       5,       0,         4
2024-03-07, Sharks        ,          62,   15,     40,    0,     137,         249,       1,       0,         7
2024-03-07, Blackhawks    ,          63,   16,     42,    0,     130,         225,       2,       0,         6
2024-03-08, Panthers      ,          64,   43,     17,    0,     212,         152,       8,       0,         2
2024-03-08, Canucks       ,          65,   41,     17,    0,     229,         178,       4,       0,         5
2024-03-08, Bruins        ,          65,   37,     13,    0,     217,         178,       5,       0,         1
2024-03-08, Stars         ,          65,   39,     17,    0,     238,         198,       5,       0,         3
2024-03-08, Jets          ,          62,   40,     17,    0,     193,         148,       7,       0,         3
2024-03-08, Avalanche     ,          65,   40,     20,    0,     241,         197,       7,       0,         2
2024-03-08, Rangers       ,          62,   40,     18,    0,     206,         172,       7,       0,         2
2024-03-08, Hurricanes    ,          62,   37,     19,    0,     205,         173,       7,       0,         2
2024-03-08, Maple Leafs   ,          63,   36,     19,    0,     228,         199,       7,       0,         3
2024-03-08, Oilers        ,          61,   38,     21,    0,     216,         177,       6,       0,         3
2024-03-08, Kings         ,          62,   32,     19,    0,     193,         167,       6,       0,         3
2024-03-08, Predators     ,          64,   36,     25,    0,     206,         196,       9,       0,         0
2024-03-08, Flyers        ,          64,   33,     23,    0,     192,         187,       4,       0,         4
2024-03-08, Golden Knights,          63,   33,     23,    0,     202,         188,       2,       0,         7
2024-03-08, Red Wings     ,          63,   33,     24,    0,     218,         206,       6,       0,         4
2024-03-08, Lightning     ,          64,   33,     25,    0,     217,         219,       4,       0,         5
2024-03-08, Islanders     ,          62,   28,     20,    0,     191,         205,       6,       0,         2
2024-03-08, Capitals      ,          61,   29,     23,    0,     166,         193,       6,       0,         3
2024-03-08, Flames        ,          62,   31,     26,    0,     197,         194,       6,       0,         4
2024-03-08, Blues         ,          63,   32,     28,    0,     179,         195,       3,       0,         6
2024-03-08, Kraken        ,          63,   28,     24,    0,     174,         179,       6,       0,         3
2024-03-08, Wild          ,          64,   30,     27,    0,     200,         212,       5,       0,         4
2024-03-08, Devils        ,          63,   31,     28,    0,     209,         220,       4,       0,         6
2024-03-08, Penguins      ,          61,   28,     25,    0,     179,         175,       4,       0,         5
2024-03-08, Sabres        ,          64,   29,     30,    0,     186,         193,       5,       0,         4
2024-03-08, Canadiens     ,          63,   24,     29,    0,     178,         226,       2,       0,         6
2024-03-08, Coyotes       ,          64,   26,     33,    0,     188,         211,       3,       0,         6
2024-03-08, Senators      ,          61,   25,     32,    0,     199,         218,       3,       0,         5
2024-03-08, Blue Jackets  ,          63,   22,     31,    0,     191,         230,       5,       0,         5
2024-03-08, Ducks         ,          63,   23,     37,    0,     166,         223,       4,       0,         5
2024-03-08, Sharks        ,          62,   15,     40,    0,     137,         249,       1,       0,         7
2024-03-08, Blackhawks    ,          63,   16,     42,    0,     130,         225,       2,       0,         6
2024-03-09, Panthers      ,          65,   44,     17,    0,     217,         153,       8,       0,         2
2024-03-09, Canucks       ,          66,   42,     17,    0,     234,         178,       5,       0,         4
2024-03-09, Bruins        ,          66,   38,     13,    0,     222,         179,       5,       0,         1
2024-03-09, Stars         ,          66,   40,     17,    0,     242,         199,       6,       0,         3
2024-03-09, Rangers       ,          63,   41,     18,    0,     210,         172,       7,       0,         2
2024-03-09, Jets          ,          63,   40,     18,    0,     193,         153,       7,       0,         3
2024-03-09, Avalanche     ,          65,   40,     20,    0,     241,         197,       7,       0,         2
2024-03-09, Hurricanes    ,          63,   38,     19,    0,     209,         175,       7,       0,         2
2024-03-09, Maple Leafs   ,          64,   37,     19,    0,     231,         201,       7,       0,         3
2024-03-09, Oilers        ,          62,   38,     21,    0,     218,         180,       5,       0,         3
2024-03-09, Predators     ,          65,   37,     25,    0,     208,         197,       9,       0,         0
2024-03-09, Kings         ,          63,   32,     20,    0,     194,         171,       5,       0,         4
2024-03-09, Golden Knights,          64,   34,     23,    0,     207,         191,       3,       0,         6
2024-03-09, Lightning     ,          65,   34,     25,    0,     224,         219,       4,       0,         5
2024-03-09, Flyers        ,          65,   33,     24,    0,     192,         194,       4,       0,         5
2024-03-09, Red Wings     ,          64,   33,     25,    0,     221,         211,       5,       0,         5
2024-03-09, Islanders     ,          62,   28,     20,    0,     191,         205,       6,       0,         2
2024-03-09, Capitals      ,          62,   30,     23,    0,     170,         194,       7,       0,         2
2024-03-09, Flames        ,          63,   31,     27,    0,     198,         199,       6,       0,         4
2024-03-09, Kraken        ,          63,   28,     24,    0,     174,         179,       6,       0,         3
2024-03-09, Blues         ,          64,   32,     29,    0,     179,         199,       3,       0,         6
2024-03-09, Wild          ,          64,   30,     27,    0,     200,         212,       5,       0,         4
2024-03-09, Devils        ,          64,   31,     29,    0,     211,         224,       3,       0,         7
2024-03-09, Sabres        ,          65,   30,     30,    0,     189,         195,       6,       0,         3
2024-03-09, Penguins      ,          62,   28,     26,    0,     180,         180,       4,       0,         5
2024-03-09, Canadiens     ,          64,   24,     30,    0,     180,         229,       2,       0,         6
2024-03-09, Coyotes       ,          64,   26,     33,    0,     188,         211,       3,       0,         6
2024-03-09, Senators      ,          62,   25,     33,    0,     200,         220,       2,       0,         6
2024-03-09, Blue Jackets  ,          64,   22,     32,    0,     192,         232,       5,       0,         5
2024-03-09, Ducks         ,          63,   23,     37,    0,     166,         223,       4,       0,         5
2024-03-09, Sharks        ,          63,   16,     40,    0,     139,         250,       1,       0,         7
2024-03-09, Blackhawks    ,          64,   16,     43,    0,     131,         229,       2,       0,         6
2024-03-10, Panthers      ,          65,   44,     17,    0,     217,         153,       8,       0,         2
2024-03-10, Canucks       ,          66,   42,     17,    0,     234,         178,       5,       0,         4
2024-03-10, Bruins        ,          66,   38,     13,    0,     222,         179,       5,       0,         1
2024-03-10, Stars         ,          66,   40,     17,    0,     242,         199,       6,       0,         3
2024-03-10, Rangers       ,          63,   41,     18,    0,     210,         172,       7,       0,         2
2024-03-10, Jets          ,          63,   40,     18,    0,     193,         153,       7,       0,         3
2024-03-10, Avalanche     ,          65,   40,     20,    0,     241,         197,       7,       0,         2
2024-03-10, Hurricanes    ,          64,   39,     19,    0,     216,         177,       7,       0,         2
2024-03-10, Maple Leafs   ,          64,   37,     19,    0,     231,         201,       7,       0,         3
2024-03-10, Oilers        ,          63,   39,     21,    0,     222,         180,       6,       0,         3
2024-03-10, Predators     ,          66,   37,     25,    0,     211,         201,       8,       0,         0
2024-03-10, Kings         ,          63,   32,     20,    0,     194,         171,       5,       0,         4
2024-03-10, Golden Knights,          64,   34,     23,    0,     207,         191,       3,       0,         6
2024-03-10, Lightning     ,          65,   34,     25,    0,     224,         219,       4,       0,         5
2024-03-10, Flyers        ,          65,   33,     24,    0,     192,         194,       4,       0,         5
2024-03-10, Islanders     ,          63,   29,     20,    0,     197,         206,       7,       0,         2
2024-03-10, Red Wings     ,          64,   33,     25,    0,     221,         211,       5,       0,         5
2024-03-10, Capitals      ,          62,   30,     23,    0,     170,         194,       7,       0,         2
2024-03-10, Wild          ,          65,   31,     27,    0,     204,         215,       5,       0,         4
2024-03-10, Kraken        ,          63,   28,     24,    0,     174,         179,       6,       0,         3
2024-03-10, Flames        ,          64,   31,     28,    0,     200,         206,       6,       0,         4
2024-03-10, Blues         ,          64,   32,     29,    0,     179,         199,       3,       0,         6
2024-03-10, Devils        ,          64,   31,     29,    0,     211,         224,       3,       0,         7
2024-03-10, Sabres        ,          65,   30,     30,    0,     189,         195,       6,       0,         3
2024-03-10, Penguins      ,          63,   28,     27,    0,     180,         184,       4,       0,         6
2024-03-10, Canadiens     ,          64,   24,     30,    0,     180,         229,       2,       0,         6
2024-03-10, Coyotes       ,          65,   26,     34,    0,     192,         218,       3,       0,         6
2024-03-10, Senators      ,          62,   25,     33,    0,     200,         220,       2,       0,         6
2024-03-10, Blue Jackets  ,          64,   22,     32,    0,     192,         232,       5,       0,         5
2024-03-10, Ducks         ,          64,   23,     38,    0,     167,         229,       4,       0,         5
2024-03-10, Sharks        ,          63,   16,     40,    0,     139,         250,       1,       0,         7
2024-03-10, Blackhawks    ,          65,   17,     43,    0,     138,         233,       2,       0,         6
2024-03-11, Panthers      ,          65,   44,     17,    0,     217,         153,       8,       0,         2
2024-03-11, Canucks       ,          66,   42,     17,    0,     234,         178,       5,       0,         4
2024-03-11, Bruins        ,          67,   38,     14,    0,     223,         184,       4,       0,         2
2024-03-11, Stars         ,          66,   40,     17,    0,     242,         199,       6,       0,         3
2024-03-11, Rangers       ,          64,   42,     18,    0,     213,         173,       7,       0,         2
2024-03-11, Jets          ,          64,   41,     18,    0,     196,         153,       7,       0,         3
2024-03-11, Avalanche     ,          65,   40,     20,    0,     241,         197,       7,       0,         2
2024-03-11, Hurricanes    ,          64,   39,     19,    0,     216,         177,       7,       0,         2
2024-03-11, Maple Leafs   ,          64,   37,     19,    0,     231,         201,       7,       0,         3
2024-03-11, Oilers        ,          63,   39,     21,    0,     222,         180,       6,       0,         3
2024-03-11, Predators     ,          66,   37,     25,    0,     211,         201,       8,       0,         0
2024-03-11, Kings         ,          64,   33,     20,    0,     197,         171,       5,       0,         4
2024-03-11, Golden Knights,          64,   34,     23,    0,     207,         191,       3,       0,         6
2024-03-11, Lightning     ,          65,   34,     25,    0,     224,         219,       4,       0,         5
2024-03-11, Flyers        ,          65,   33,     24,    0,     192,         194,       4,       0,         5
2024-03-11, Red Wings     ,          64,   33,     25,    0,     221,         211,       5,       0,         5
2024-03-11, Islanders     ,          64,   29,     21,    0,     197,         209,       7,       0,         3
2024-03-11, Capitals      ,          63,   30,     24,    0,     170,         197,       6,       0,         3
2024-03-11, Blues         ,          65,   33,     29,    0,     184,         200,       4,       0,         5
2024-03-11, Wild          ,          65,   31,     27,    0,     204,         215,       5,       0,         4
2024-03-11, Kraken        ,          63,   28,     24,    0,     174,         179,       6,       0,         3
2024-03-11, Flames        ,          64,   31,     28,    0,     200,         206,       6,       0,         4
2024-03-11, Devils        ,          65,   31,     30,    0,     212,         227,       3,       0,         7
2024-03-11, Sabres        ,          65,   30,     30,    0,     189,         195,       6,       0,         3
2024-03-11, Penguins      ,          63,   28,     27,    0,     180,         184,       4,       0,         6
2024-03-11, Canadiens     ,          64,   24,     30,    0,     180,         229,       2,       0,         6
2024-03-11, Coyotes       ,          65,   26,     34,    0,     192,         218,       3,       0,         6
2024-03-11, Senators      ,          62,   25,     33,    0,     200,         220,       2,       0,         6
2024-03-11, Blue Jackets  ,          64,   22,     32,    0,     192,         232,       5,       0,         5
2024-03-11, Ducks         ,          64,   23,     38,    0,     167,         229,       4,       0,         5
2024-03-11, Sharks        ,          63,   16,     40,    0,     139,         250,       1,       0,         7
2024-03-11, Blackhawks    ,          65,   17,     43,    0,     138,         233,       2,       0,         6
2024-03-12, Panthers      ,          66,   45,     17,    0,     221,         156,       8,       0,         2
2024-03-12, Canucks       ,          66,   42,     17,    0,     234,         178,       5,       0,         4
2024-03-12, Bruins        ,          67,   38,     14,    0,     223,         184,       4,       0,         2
2024-03-12, Rangers       ,          65,   43,     18,    0,     214,         173,       7,       0,         2
2024-03-12, Stars         ,          67,   40,     18,    0,     245,         203,       6,       0,         3
2024-03-12, Jets          ,          64,   41,     18,    0,     196,         153,       7,       0,         3
2024-03-12, Avalanche     ,          66,   41,     20,    0,     247,         199,       7,       0,         2
2024-03-12, Hurricanes    ,          65,   39,     20,    0,     216,         178,       6,       0,         3
2024-03-12, Maple Leafs   ,          64,   37,     19,    0,     231,         201,       7,       0,         3
2024-03-12, Oilers        ,          63,   39,     21,    0,     222,         180,       6,       0,         3
2024-03-12, Predators     ,          66,   37,     25,    0,     211,         201,       8,       0,         0
2024-03-12, Kings         ,          64,   33,     20,    0,     197,         171,       5,       0,         4
2024-03-12, Golden Knights,          65,   35,     23,    0,     212,         195,       3,       0,         6
2024-03-12, Flyers        ,          66,   34,     24,    0,     195,         196,       5,       0,         4
2024-03-12, Lightning     ,          65,   34,     25,    0,     224,         219,       4,       0,         5
2024-03-12, Islanders     ,          64,   29,     21,    0,     197,         209,       7,       0,         3
2024-03-12, Red Wings     ,          65,   33,     26,    0,     224,         218,       4,       0,         6
2024-03-12, Wild          ,          66,   32,     27,    0,     208,         216,       6,       0,         3
2024-03-12, Capitals      ,          63,   30,     24,    0,     170,         197,       6,       0,         3
2024-03-12, Blues         ,          65,   33,     29,    0,     184,         200,       4,       0,         5
2024-03-12, Kraken        ,          64,   28,     24,    0,     178,         184,       5,       0,         3
2024-03-12, Flames        ,          65,   31,     29,    0,     202,         212,       6,       0,         4
2024-03-12, Sabres        ,          66,   31,     30,    0,     196,         198,       6,       0,         3
2024-03-12, Devils        ,          65,   31,     30,    0,     212,         227,       3,       0,         7
2024-03-12, Penguins      ,          64,   28,     27,    0,     181,         186,       3,       0,         6
2024-03-12, Canadiens     ,          65,   25,     30,    0,     183,         229,       3,       0,         5
2024-03-12, Coyotes       ,          66,   26,     35,    0,     193,         222,       3,       0,         6
2024-03-12, Senators      ,          63,   26,     33,    0,     202,         221,       3,       0,         6
2024-03-12, Blue Jackets  ,          65,   22,     33,    0,     192,         235,       4,       0,         6
2024-03-12, Ducks         ,          65,   23,     39,    0,     169,         236,       3,       0,         6
2024-03-12, Blackhawks    ,          66,   18,     43,    0,     145,         235,       3,       0,         5
2024-03-12, Sharks        ,          64,   16,     41,    0,     141,         253,       1,       0,         7
2024-03-13, Panthers      ,          66,   45,     17,    0,     221,         156,       8,       0,         2
2024-03-13, Canucks       ,          67,   42,     17,    0,     237,         182,       5,       0,         3
2024-03-13, Bruins        ,          67,   38,     14,    0,     223,         184,       4,       0,         2
2024-03-13, Rangers       ,          65,   43,     18,    0,     214,         173,       7,       0,         2
2024-03-13, Avalanche     ,          67,   42,     20,    0,     251,         202,       7,       0,         2
2024-03-13, Stars         ,          67,   40,     18,    0,     245,         203,       6,       0,         3
2024-03-13, Jets          ,          65,   41,     19,    0,     198,         157,       6,       0,         4
2024-03-13, Hurricanes    ,          65,   39,     20,    0,     216,         178,       6,       0,         3
2024-03-13, Oilers        ,          64,   40,     21,    0,     229,         182,       7,       0,         2
2024-03-13, Maple Leafs   ,          64,   37,     19,    0,     231,         201,       7,       0,         3
2024-03-13, Predators     ,          67,   38,     25,    0,     215,         203,       8,       0,         0
2024-03-13, Kings         ,          65,   33,     21,    0,     198,         174,       5,       0,         4
2024-03-13, Golden Knights,          65,   35,     23,    0,     212,         195,       3,       0,         6
2024-03-13, Flyers        ,          66,   34,     24,    0,     195,         196,       5,       0,         4
2024-03-13, Lightning     ,          65,   34,     25,    0,     224,         219,       4,       0,         5
2024-03-13, Islanders     ,          64,   29,     21,    0,     197,         209,       7,       0,         3
2024-03-13, Red Wings     ,          65,   33,     26,    0,     224,         218,       4,       0,         6
2024-03-13, Blues         ,          66,   34,     29,    0,     187,         201,       4,       0,         5
2024-03-13, Wild          ,          66,   32,     27,    0,     208,         216,       6,       0,         3
2024-03-13, Capitals      ,          64,   30,     25,    0,     172,         204,       5,       0,         4
2024-03-13, Kraken        ,          64,   28,     24,    0,     178,         184,       5,       0,         3
2024-03-13, Flames        ,          65,   31,     29,    0,     202,         212,       6,       0,         4
2024-03-13, Sabres        ,          66,   31,     30,    0,     196,         198,       6,       0,         3
2024-03-13, Devils        ,          65,   31,     30,    0,     212,         227,       3,       0,         7
2024-03-13, Penguins      ,          64,   28,     27,    0,     181,         186,       3,       0,         6
2024-03-13, Canadiens     ,          65,   25,     30,    0,     183,         229,       3,       0,         5
2024-03-13, Coyotes       ,          66,   26,     35,    0,     193,         222,       3,       0,         6
2024-03-13, Senators      ,          63,   26,     33,    0,     202,         221,       3,       0,         6
2024-03-13, Blue Jackets  ,          65,   22,     33,    0,     192,         235,       4,       0,         6
2024-03-13, Ducks         ,          65,   23,     39,    0,     169,         236,       3,       0,         6
2024-03-13, Blackhawks    ,          66,   18,     43,    0,     145,         235,       3,       0,         5
2024-03-13, Sharks        ,          64,   16,     41,    0,     141,         253,       1,       0,         7
2024-03-14, Panthers      ,          67,   45,     18,    0,     221,         160,       8,       0,         2
2024-03-14, Bruins        ,          68,   39,     14,    0,     225,         185,       5,       0,         2
2024-03-14, Canucks       ,          67,   42,     17,    0,     237,         182,       5,       0,         3
2024-03-14, Rangers       ,          66,   43,     19,    0,     217,         179,       6,       0,         3
2024-03-14, Avalanche     ,          67,   42,     20,    0,     251,         202,       7,       0,         2
2024-03-14, Stars         ,          68,   40,     19,    0,     247,         209,       6,       0,         3
2024-03-14, Jets          ,          65,   41,     19,    0,     198,         157,       6,       0,         4
2024-03-14, Hurricanes    ,          66,   40,     20,    0,     220,         178,       6,       0,         3
2024-03-14, Maple Leafs   ,          65,   38,     19,    0,     237,         203,       7,       0,         3
2024-03-14, Oilers        ,          64,   40,     21,    0,     229,         182,       7,       0,         2
2024-03-14, Predators     ,          67,   38,     25,    0,     215,         203,       8,       0,         0
2024-03-14, Kings         ,          65,   33,     21,    0,     198,         174,       5,       0,         4
2024-03-14, Golden Knights,          66,   35,     24,    0,     213,         199,       3,       0,         6
2024-03-14, Lightning     ,          66,   35,     25,    0,     230,         222,       5,       0,         4
2024-03-14, Flyers        ,          67,   34,     25,    0,     197,         202,       4,       0,         5
2024-03-14, Wild          ,          67,   33,     27,    0,     210,         216,       6,       0,         3
2024-03-14, Islanders     ,          65,   29,     22,    0,     197,         213,       6,       0,         4
2024-03-14, Red Wings     ,          66,   33,     27,    0,     225,         222,       3,       0,         7
2024-03-14, Capitals      ,          65,   31,     25,    0,     174,         205,       5,       0,         4
2024-03-14, Blues         ,          66,   34,     29,    0,     187,         201,       4,       0,         5
2024-03-14, Flames        ,          66,   32,     29,    0,     206,         213,       6,       0,         4
2024-03-14, Sabres        ,          67,   32,     30,    0,     200,         198,       6,       0,         3
2024-03-14, Kraken        ,          65,   28,     25,    0,     179,         186,       5,       0,         4
2024-03-14, Devils        ,          66,   32,     30,    0,     218,         229,       4,       0,         6
2024-03-14, Penguins      ,          65,   29,     27,    0,     187,         189,       3,       0,         6
2024-03-14, Canadiens     ,          66,   25,     30,    0,     184,         231,       3,       0,         4
2024-03-14, Coyotes       ,          67,   27,     35,    0,     197,         223,       4,       0,         6
2024-03-14, Senators      ,          64,   27,     33,    0,     205,         223,       3,       0,         6
2024-03-14, Blue Jackets  ,          66,   22,     33,    0,     194,         238,       4,       0,         5
2024-03-14, Ducks         ,          66,   23,     40,    0,     169,         238,       3,       0,         6
2024-03-14, Blackhawks    ,          66,   18,     43,    0,     145,         235,       3,       0,         5
2024-03-14, Sharks        ,          65,   16,     42,    0,     144,         259,       1,       0,         7
2024-03-15, Panthers      ,          67,   45,     18,    0,     221,         160,       8,       0,         2
2024-03-15, Bruins        ,          68,   39,     14,    0,     225,         185,       5,       0,         2
2024-03-15, Canucks       ,          67,   42,     17,    0,     237,         182,       5,       0,         3
2024-03-15, Rangers       ,          66,   43,     19,    0,     217,         179,       6,       0,         3
2024-03-15, Jets          ,          66,   42,     19,    0,     204,         157,       6,       0,         4
2024-03-15, Avalanche     ,          67,   42,     20,    0,     251,         202,       7,       0,         2
2024-03-15, Stars         ,          68,   40,     19,    0,     247,         209,       6,       0,         3
2024-03-15, Hurricanes    ,          66,   40,     20,    0,     220,         178,       6,       0,         3
2024-03-15, Maple Leafs   ,          65,   38,     19,    0,     237,         203,       7,       0,         3
2024-03-15, Oilers        ,          64,   40,     21,    0,     229,         182,       7,       0,         2
2024-03-15, Predators     ,          67,   38,     25,    0,     215,         203,       8,       0,         0
2024-03-15, Kings         ,          66,   34,     21,    0,     203,         174,       5,       0,         4
2024-03-15, Golden Knights,          66,   35,     24,    0,     213,         199,       3,       0,         6
2024-03-15, Lightning     ,          66,   35,     25,    0,     230,         222,       5,       0,         4
2024-03-15, Flyers        ,          67,   34,     25,    0,     197,         202,       4,       0,         5
2024-03-15, Wild          ,          67,   33,     27,    0,     210,         216,       6,       0,         3
2024-03-15, Islanders     ,          65,   29,     22,    0,     197,         213,       6,       0,         4
2024-03-15, Red Wings     ,          66,   33,     27,    0,     225,         222,       3,       0,         7
2024-03-15, Capitals      ,          65,   31,     25,    0,     174,         205,       5,       0,         4
2024-03-15, Blues         ,          66,   34,     29,    0,     187,         201,       4,       0,         5
2024-03-15, Flames        ,          66,   32,     29,    0,     206,         213,       6,       0,         4
2024-03-15, Sabres        ,          67,   32,     30,    0,     200,         198,       6,       0,         3
2024-03-15, Kraken        ,          65,   28,     25,    0,     179,         186,       5,       0,         4
2024-03-15, Devils        ,          66,   32,     30,    0,     218,         229,       4,       0,         6
2024-03-15, Penguins      ,          65,   29,     27,    0,     187,         189,       3,       0,         6
2024-03-15, Canadiens     ,          66,   25,     30,    0,     184,         231,       3,       0,         4
2024-03-15, Coyotes       ,          67,   27,     35,    0,     197,         223,       4,       0,         6
2024-03-15, Senators      ,          64,   27,     33,    0,     205,         223,       3,       0,         6
2024-03-15, Blue Jackets  ,          66,   22,     33,    0,     194,         238,       4,       0,         5
2024-03-15, Ducks         ,          67,   23,     41,    0,     169,         244,       3,       0,         7
2024-03-15, Blackhawks    ,          67,   18,     44,    0,     145,         240,       3,       0,         5
2024-03-15, Sharks        ,          65,   16,     42,    0,     144,         259,       1,       0,         7
